<?xml version="1.0" encoding="iso-8859-1" ?>

<header>
	<SerialNumber><Value>001</Value></SerialNumber>
	<Family><Value>Iris Slim</Value></Family>
	<PartNumber><Value>1234</Value></PartNumber>
	<Revision><Value>R001</Value></Revision>
	<Process><Value>Bring Up</Value></Process>
	<Station><Value>LAPTOP-RQS41FNE</Value></Station>
	<Operator><Value>MBE</Value></Operator>
	<Fixture><Value>TCU_001</Value></Fixture>
	<Socket><Value>NA</Value></Socket>
	<SequenceName><Value>Tests_Evaluation</Value></SequenceName>
	<StartTime><Value>17:56:08</Value></StartTime>
	<EndTime><Value>17:56:37</Value></EndTime>
</header>
<UUTResult>
	<UUTResult><Value>Failed</Value></UUTResult>
	<FailCode><Value>None</Value></FailCode>
	<FailDescription><Value>None</Value></FailDescription>
	<Exectime><Value>None</Value></Exectime>
</UUTResult>
<StepResults StepCount='6'>
	<StepArray id='1'>
		<Id><Value>1</Value></Id>
		<StepName><Value>Sensor_Info</Value></StepName>
		<StepType><Value>Action</Value></StepType>
		<StepStatus><Value>Skipped</Value></StepStatus>
		<StepResult><Value>None</Value></StepResult>
		<SequenceName><Value>Main</Value></SequenceName>
		<SequencePath><Value>'Tests_Evaluation\\Main'</Value></SequencePath>
		<Exectime><Value>9e-06</Value></Exectime>
		<StringLimit><Value>None</Value></StringLimit>
		<StringResult><Value>None</Value></StringResult>
		<NumericLimitHigh><Value>None</Value></NumericLimitHigh>
		<NumericLimitLow><Value>None</Value></NumericLimitLow>
		<NumericUnit><Value>None</Value></NumericUnit>
		<NumericResult><Value>None</Value></NumericResult>
		<FailCode><Value>None</Value></FailCode>
		<FailDescription><Value>None</Value></FailDescription>
	</StepArray>
	<StepArray id='2'>
		<Id><Value>2</Value></Id>
		<StepName><Value>Evaluate Statement</Value></StepName>
		<StepType><Value>Statement</Value></StepType>
		<StepStatus><Value>Done</Value></StepStatus>
		<StepResult><Value>None</Value></StepResult>
		<SequenceName><Value>Main</Value></SequenceName>
		<SequencePath><Value>'Tests_Evaluation\\Main'</Value></SequencePath>
		<Exectime><Value>4.49e-05</Value></Exectime>
		<StringLimit><Value>None</Value></StringLimit>
		<StringResult><Value>None</Value></StringResult>
		<NumericLimitHigh><Value>None</Value></NumericLimitHigh>
		<NumericLimitLow><Value>None</Value></NumericLimitLow>
		<NumericUnit><Value>None</Value></NumericUnit>
		<NumericResult><Value>None</Value></NumericResult>
		<FailCode><Value>None</Value></FailCode>
		<FailDescription><Value>None</Value></FailDescription>
	</StepArray>
	<StepArray id='3'>
		<Id><Value>3</Value></Id>
		<StepName><Value>Evaluate String</Value></StepName>
		<StepType><Value>StringValueTest</Value></StepType>
		<StepStatus><Value>Passed</Value></StepStatus>
		<StepResult><Value>None</Value></StepResult>
		<SequenceName><Value>Main</Value></SequenceName>
		<SequencePath><Value>'Tests_Evaluation\\Main'</Value></SequencePath>
		<Exectime><Value>4.78e-05</Value></Exectime>
		<StringLimit><Value>Legion Connected</Value></StringLimit>
		<StringResult><Value>Legion Connected</Value></StringResult>
		<NumericLimitHigh><Value>None</Value></NumericLimitHigh>
		<NumericLimitLow><Value>None</Value></NumericLimitLow>
		<NumericUnit><Value>None</Value></NumericUnit>
		<NumericResult><Value>None</Value></NumericResult>
		<FailCode><Value>None</Value></FailCode>
		<FailDescription><Value>None</Value></FailDescription>
	</StepArray>
	<StepArray id='4'>
		<Id><Value>4</Value></Id>
		<StepName><Value>Evaluate Number</Value></StepName>
		<StepType><Value>NumericLimitTest</Value></StepType>
		<StepStatus><Value>Failed</Value></StepStatus>
		<StepResult><Value>None</Value></StepResult>
		<SequenceName><Value>Main</Value></SequenceName>
		<SequencePath><Value>'Tests_Evaluation\\Main'</Value></SequencePath>
		<Exectime><Value>6.77e-05</Value></Exectime>
		<StringLimit><Value>None</Value></StringLimit>
		<StringResult><Value>None</Value></StringResult>
		<NumericLimitHigh><Value>20</Value></NumericLimitHigh>
		<NumericLimitLow><Value>10</Value></NumericLimitLow>
		<NumericUnit><Value>KM</Value></NumericUnit>
		<NumericResult><Value>7</Value></NumericResult>
		<FailCode><Value>0</Value></FailCode>
		<FailDescription><Value>None</Value></FailDescription>
	</StepArray>
	<StepArray id='5'>
		<Id><Value>5</Value></Id>
		<StepName><Value>Subsequence_call</Value></StepName>
		<StepType><Value>SequenceCall</Value></StepType>
		<StepStatus><Value>Failed</Value></StepStatus>
		<StepResult><Value>None</Value></StepResult>
		<SequenceName><Value>Main</Value></SequenceName>
		<SequencePath><Value>'Tests_Evaluation\\Main'</Value></SequencePath>
		<Exectime><Value>0.0132732</Value></Exectime>
		<StringLimit><Value>None</Value></StringLimit>
		<StringResult><Value>None</Value></StringResult>
		<NumericLimitHigh><Value>None</Value></NumericLimitHigh>
		<NumericLimitLow><Value>None</Value></NumericLimitLow>
		<NumericUnit><Value>None</Value></NumericUnit>
		<NumericResult><Value>None</Value></NumericResult>
		<FailCode><Value>0</Value></FailCode>
		<FailDescription><Value>None</Value></FailDescription>
	</StepArray>
	<StepArray id='6'>
		<Id><Value>6</Value></Id>
		<StepName><Value>Evaluate Boolean</Value></StepName>
		<StepType><Value>PassFailTest</Value></StepType>
		<StepStatus><Value>Passed</Value></StepStatus>
		<StepResult><Value>None</Value></StepResult>
		<SequenceName><Value>Main</Value></SequenceName>
		<SequencePath><Value>'Tests_Evaluation\\Main'</Value></SequencePath>
		<Exectime><Value>4.04e-05</Value></Exectime>
		<StringLimit><Value>None</Value></StringLimit>
		<StringResult><Value>None</Value></StringResult>
		<NumericLimitHigh><Value>None</Value></NumericLimitHigh>
		<NumericLimitLow><Value>None</Value></NumericLimitLow>
		<NumericUnit><Value>None</Value></NumericUnit>
		<NumericResult><Value>None</Value></NumericResult>
		<FailCode><Value>None</Value></FailCode>
		<FailDescription><Value>None</Value></FailDescription>
	</StepArray>
</StepResults>
